{
  "tier": "zeroTrust",
  "stats": {
    "mean": 78.2706510638298,
    "median": 76.1496,
    "p95": 104.0176,
    "p99": 175.5275,
    "min": 58.7623,
    "max": 175.5275,
    "stdDev": 16.660443726241656
  },
  "successRate": "94.0%",
  "timestamp": "2025-11-19T08-46-49-224Z"
}