{
  "tier": "baseline",
  "stats": {
    "mean": 80.34857765957447,
    "median": 78.1049,
    "p95": 106.1224,
    "p99": 173.7462,
    "min": 59.2194,
    "max": 173.7462,
    "stdDev": 16.062120490783844
  },
  "successRate": "94.0%",
  "timestamp": "2025-11-19T08-44-47-411Z"
}