{
  "tier": "privacyPreserving",
  "stats": {
    "mean": 49.928828723404244,
    "median": 49.9295,
    "p95": 51.239,
    "p99": 60.6367,
    "min": 47.2322,
    "max": 60.6367,
    "stdDev": 1.3633195467370778
  },
  "successRate": "94.0%",
  "timestamp": "2025-11-19T11-51-32-089Z"
}