{
  "tier": "zeroTrust",
  "stats": {
    "mean": 34.32411170212768,
    "median": 34.1308,
    "p95": 34.9587,
    "p99": 67.9994,
    "min": 31.2719,
    "max": 67.9994,
    "stdDev": 3.586210942902092
  },
  "successRate": "94.0%",
  "timestamp": "2025-11-19T11-46-19-825Z"
}