{
  "tier": "contextAware",
  "stats": {
    "mean": 78.33427021276594,
    "median": 76.4106,
    "p95": 106.3438,
    "p99": 125.2849,
    "min": 58.2483,
    "max": 125.2849,
    "stdDev": 14.366097983490173
  },
  "successRate": "94.0%",
  "timestamp": "2025-11-19T08-48-23-756Z"
}