Tier,Average,Median,P95,P99,Min,Max,StdDev
baseline,80.34857765957447,78.1049,106.1224,173.7462,59.2194,173.7462,16.062120490783844
zeroTrust,78.2706510638298,76.1496,104.0176,175.5275,58.7623,175.5275,16.660443726241656
contextAware,78.33427021276594,76.4106,106.3438,125.2849,58.2483,125.2849,14.366097983490173
privacyPreserving,80.5291765957447,77.838,108.1389,146.1457,58.6904,146.1457,15.362505451311643