{
  "tier": "privacyPreserving",
  "stats": {
    "mean": 80.5291765957447,
    "median": 77.838,
    "p95": 108.1389,
    "p99": 146.1457,
    "min": 58.6904,
    "max": 146.1457,
    "stdDev": 15.362505451311643
  },
  "successRate": "94.0%",
  "timestamp": "2025-11-19T08-49-53-647Z"
}