{
  "tier": "contextAware",
  "stats": {
    "mean": 31.75312765957447,
    "median": 33.9468,
    "p95": 44.7809,
    "p99": 56.7992,
    "min": 11.0663,
    "max": 56.7992,
    "stdDev": 8.044429985735794
  },
  "successRate": "94.0%",
  "timestamp": "2025-11-19T11-58-03-535Z"
}