{
  "tier": "baseline",
  "stats": {
    "mean": 5.063935106382979,
    "median": 4.0698,
    "p95": 8.4691,
    "p99": 24.387,
    "min": 3.3739,
    "max": 24.387,
    "stdDev": 2.620993441292719
  },
  "successRate": "94.0%",
  "timestamp": "2025-11-19T11-45-33-005Z"
}